{
    "videos": [
        {
            "video_filename": "09.mp4",
            "annotations": [
                {
                    "object": "Door",
                    "states": [
                        {
                            "state_id": 1,
                            "description": "Opening",
                            "guessed_frame": 64
                        },
                        {
                            "state_id": 2,
                            "description": "Closing",
                            "guessed_frame": 565
                        }
                    ]
                }
            ]
        },
        {
            "video_filename": "03.mp4",
            "annotations": [
                {
                    "object": "Door",
                    "states": [
                        {
                            "state_id": 1,
                            "description": "Opening",
                            "guessed_frame": 56
                        },
                        {
                            "state_id": 2,
                            "description": "Closing",
                            "guessed_frame": 275
                        }
                    ]
                }
            ]
        },
        {
            "video_filename": "01.mp4",
            "annotations": [
                {
                    "object": "Door",
                    "states": [
                        {
                            "state_id": 1,
                            "description": "Opening",
                            "guessed_frame": 85
                        },
                        {
                            "state_id": 2,
                            "description": "Closing",
                            "guessed_frame": 195
                        }
                    ]
                }
            ]
        },
        {
            "video_filename": "05.mp4",
            "annotations": [
                {
                    "object": "Door",
                    "states": [
                        {
                            "state_id": 1,
                            "description": "Opening",
                            "guessed_frame": 1
                        },
                        {
                            "state_id": 2,
                            "description": "Closing",
                            "guessed_frame": 426
                        }
                    ]
                }
            ]
        },
        {
            "video_filename": "07.mp4",
            "annotations": [
                {
                    "object": "Door",
                    "states": [
                        {
                            "state_id": 1,
                            "description": "Opening",
                            "guessed_frame": 77
                        },
                        {
                            "state_id": 2,
                            "description": "Closing",
                            "guessed_frame": 188
                        }
                    ]
                }
            ]
        }
    ]
}